<?xml version="1.0" encoding="ISO-8859-15"?>
<uc-export clientvers="11.2.0+build.9456">
<DOCU name="PCK.AUTOMIC_WINDOWS_SERVICE.PUB.DOC">
<HEADER state="1">
<Title/>
<ArchiveKey1/>
<ArchiveKey2/>
<OH_SubType/>
</HEADER>
<DOCU_Docu state="1" type="text">
<DOC><![CDATA[Contains actions to manipulate Windows services.

=Supported versions=

See http://docs.automic.com/compatibility?len=Package.Windows.Service&comp=PCK.AUTOMIC_WINDOWS_SERVICE&version=1.2.1
]]></DOC>
</DOCU_Docu>
</DOCU>
</uc-export>